{
  "api/Psychoflow.SSWaterReflection2D.DisplacementModes.html": {
    "href": "api/Psychoflow.SSWaterReflection2D.DisplacementModes.html",
    "title": "Enum DisplacementModes | SS Water Reflection 2D documentation",
    "keywords": "Enum DisplacementModes Displacement mode determines the shape of reflection displacement and foam. It's only used for SSWaterReflectionProvider . Namespace : Psychoflow.SSWaterReflection2D Assembly : Psychoflow.SSWaterReflection2D.dll Syntax public enum DisplacementModes Fields Name Description Texture Use displacement texture. Voronoi Use Voronoi noise. Voronoi noise is generated by calculating distances between a pixel and a lattice of points. By offsetting these points by a pseudo-random number, controlled by input Angle Offset, a cluster of cells can be generated. The scale of these cells, and the resulting noise, is controlled by input Cell Density. The output Cells contains the raw cell data."
  },
  "api/Psychoflow.SSWaterReflection2D.FoamBlendMode.html": {
    "href": "api/Psychoflow.SSWaterReflection2D.FoamBlendMode.html",
    "title": "Enum FoamBlendMode | SS Water Reflection 2D documentation",
    "keywords": "Enum FoamBlendMode The blend mode of foam that blends with reflection and refraction. It works like the layer blend mode in Photoshop. It's only used for SSWaterReflectionProvider . Namespace : Psychoflow.SSWaterReflection2D Assembly : Psychoflow.SSWaterReflection2D.dll Syntax public enum FoamBlendMode Fields Name Description Add Add source color to destination. Multiply Multiply two colors. Normal Blend two color by source alpha(drawing alpha). Equals lerp(DstColor, SrcColor, SrcAlpha). Softlight Soft light blend mode with Pegtop's formula: https://en.wikipedia.org/wiki/Blend_modes#Soft_Light"
  },
  "api/Psychoflow.SSWaterReflection2D.html": {
    "href": "api/Psychoflow.SSWaterReflection2D.html",
    "title": "Namespace Psychoflow.SSWaterReflection2D | SS Water Reflection 2D documentation",
    "keywords": "Namespace Psychoflow.SSWaterReflection2D Classes SpriteSelfWaterReflection Sprite Self Reflection is a way to reflect the sprite renderer itself vertically. It's quite useful for Top-down games and Retro RPG games. SSWaterReflectionProvider The water parameter provider for SSWaterReflectionRenderer and SpriteSelfWaterReflection . SSWaterReflectionRenderer Screen Space Reflection(SSR) is a way to reflect things based on screen texture which is much more efficient than the way by another reflection camera. It's very useful in 2D Platformer game like Kingdom. And it can be used on both orthographic and perspective view. Enums DisplacementModes Displacement mode determines the shape of reflection displacement and foam. It's only used for SSWaterReflectionProvider . FoamBlendMode The blend mode of foam that blends with reflection and refraction. It works like the layer blend mode in Photoshop. It's only used for SSWaterReflectionProvider . PropertyCheckingFlag The flag that what reflection instance check dirty and update. The checking runs on every late update, so you should choose only necessary options if there's performance issue. It's only used for SpriteSelfWaterReflection . ReflectionSortingOrders The way of determining Sorting Layer and Order In Layer of the reflection's SpriteRenderer . It's only used for SpriteSelfWaterReflection ."
  },
  "api/Psychoflow.SSWaterReflection2D.PropertyCheckingFlag.html": {
    "href": "api/Psychoflow.SSWaterReflection2D.PropertyCheckingFlag.html",
    "title": "Enum PropertyCheckingFlag | SS Water Reflection 2D documentation",
    "keywords": "Enum PropertyCheckingFlag The flag that what reflection instance check dirty and update. The checking runs on every late update, so you should choose only necessary options if there's performance issue. It's only used for SpriteSelfWaterReflection . Namespace : Psychoflow.SSWaterReflection2D Assembly : Psychoflow.SSWaterReflection2D.dll Syntax [Flags] public enum PropertyCheckingFlag Fields Name Description None Don't check and update anything. You have to call all update method manually by yourself when it changed. See UpdateReflectionRenderersPosition() and CheckSpriteRendererPropertiesChanged(Boolean, Boolean, Boolean) , SpriteRendererEnabled Checking and updating the SpriteRenderer.enabled or gameObject.activeInHierarchy is changed. If you want to update transform manually, call CheckSpriteRendererPropertiesChanged(Boolean, Boolean, Boolean) . SpriteRendererOtherProperties Checking and updating the other all properties of SpriteRenderer (except for enabled, orderInLayer, sortingLayer, masrkInteraction) is changed. If you want to update transform manually, call CheckSpriteRendererPropertiesChanged(Boolean, Boolean, Boolean) . SpriteRendererSortingOrders Checking and updating the SpriteRenderer.orderInLayer or SpriteRenderer.sortingLayer is changed. If you want to update transform manually, call CheckSpriteRendererPropertiesChanged(Boolean, Boolean, Boolean) . Transform Checking and updating if the transform(position, rotation, and scale) is changed. If you want to update transform manually, call UpdateReflectionRenderersPosition() . Transform_Enabled Equals Transform | SpriteRendererEnabled. It's the suggestive way for general objects which will only change enabled and transform at runtime. Transform_Enabled_SortingOrders Equals Transform | SpriteRendererEnabled | SpriteRendererSortingOrders."
  },
  "api/Psychoflow.SSWaterReflection2D.ReflectionSortingOrders.html": {
    "href": "api/Psychoflow.SSWaterReflection2D.ReflectionSortingOrders.html",
    "title": "Enum ReflectionSortingOrders | SS Water Reflection 2D documentation",
    "keywords": "Enum ReflectionSortingOrders The way of determining Sorting Layer and Order In Layer of the reflection's SpriteRenderer . It's only used for SpriteSelfWaterReflection . Namespace : Psychoflow.SSWaterReflection2D Assembly : Psychoflow.SSWaterReflection2D.dll Syntax public enum ReflectionSortingOrders Fields Name Description CustomSortingOrder The defined SortingLayer and OrderInLayer by CustomSortingLayerID and CustomOrderInLayer respectively. OrderInLayerOffset The reflection has the same SortingLayer an offset of OrderInLayer with the reflected. See CustomOrderInLayer ."
  },
  "api/Psychoflow.SSWaterReflection2D.SpriteSelfWaterReflection.html": {
    "href": "api/Psychoflow.SSWaterReflection2D.SpriteSelfWaterReflection.html",
    "title": "Class SpriteSelfWaterReflection | SS Water Reflection 2D documentation",
    "keywords": "Class SpriteSelfWaterReflection Sprite Self Reflection is a way to reflect the sprite renderer itself vertically. It's quite useful for Top-down games and Retro RPG games. Inheritance Object Object Component Behaviour MonoBehaviour SpriteSelfWaterReflection Namespace : Psychoflow.SSWaterReflection2D Assembly : Psychoflow.SSWaterReflection2D.dll Syntax [ExecuteAlways] public class SpriteSelfWaterReflection : MonoBehaviour Properties CustomOrderInLayer The custom specific OrderInLayer ( sortingOrder ) to reflection renderer. It works only if ReflectionSortingOrder == CustomSortingOrder . Declaration public int CustomOrderInLayer { get; set; } Property Value Type Description Int32 CustomSortingLayerID The custom specific sortingLayerID to reflection renderer. It works only if ReflectionSortingOrder == CustomSortingOrder . Declaration public int CustomSortingLayerID { get; set; } Property Value Type Description Int32 LockReflectionReferenceY Does lock reflection reference offset Y? If locked, the reflection reference Y is NOT affected by the position of object itself and RefelectionReferenceOffsetY anymore. On the other hand, the reference Y is fixed. It'll be useful for floaty foreground obejcts in 2D perspective platformer game. Declaration public bool LockReflectionReferenceY { get; set; } Property Value Type Description Boolean OrderInLayerOffset The offset of OrderInLayer from the original SpriteRenderer that will be reflected. It works only if ReflectionSortingOrder == OrderInLayerOffset . E.g. If the reflected SpriteRenderer has SortingLayer(3) and OrderInLayer(10) and OrderInLayerOffset(5), the reflection renderer has SortingLayer(3) and OrderInLayer(15). Declaration public int OrderInLayerOffset { get; set; } Property Value Type Description Int32 PropertyCheckingFlag The dirty check flags that determines what should check every update. Declaration public PropertyCheckingFlag PropertyCheckingFlag { get; set; } Property Value Type Description PropertyCheckingFlag RefelectionReferenceOffsetY The offset distance of reflection reference plane(line). It's the fixed distance from the origin of the object. Declaration public float RefelectionReferenceOffsetY { get; set; } Property Value Type Description Single ReflectionDepthOffset The depth offset of the reflection. It's used to determine the render order. For example, the reflected renderer is at (0, 0, 1f) and ReflectionDepthOffset is 0.001f. The reflection renderer will be at (0, 0, 1.001f) which is further than the reflected from regular 2d camera. So it'll be under the reflected which is a regular case. Declaration public float ReflectionDepthOffset { get; set; } Property Value Type Description Single ReflectionMaskInteraction The SpriteMaskInteraction of reflection's SpriteRenderer . Reflection renderer doesn't follow the SpriteMaskInteraction value of the original reflected sprite renderer, it always be this value whenever. Declaration public SpriteMaskInteraction ReflectionMaskInteraction { get; set; } Property Value Type Description SpriteMaskInteraction ReflectionProvider The reflection provider that provides the reflection parameters. Declaration public SSWaterReflectionProvider ReflectionProvider { get; set; } Property Value Type Description SSWaterReflectionProvider ReflectionSortingOrder The way of determining Sorting Layer and Order In Layer of the reflection's SpriteRenderer . Declaration public ReflectionSortingOrders ReflectionSortingOrder { get; set; } Property Value Type Description ReflectionSortingOrders Methods CheckSpriteRendererPropertiesChanged(Boolean, Boolean, Boolean) Check if the sprite renderer changed properties, and up to date reflection renderer if it did. Declaration public void CheckSpriteRendererPropertiesChanged(bool checkEnabled, bool checkSortingOrders, bool checkOtherProperties) Parameters Type Name Description Boolean checkEnabled Should check enabled and activeInHierarchy to update reflection renderer's enabled? Boolean checkSortingOrders Should check sortingOrder and sortingLayerID to update reflection renderer's? Boolean checkOtherProperties Should check other all properties of SpriteRenderer to update reflection renderer's? ClearAndInitReflectionRenderers() Clear and find the children renderers and creating reflection renderers. This method can be used to make the reflection renderer up-to-date, it's like a Full Refresh method. Declaration public void ClearAndInitReflectionRenderers() ClearAndInitReflectionRenderersLately() It's identical with ClearAndInitReflectionRenderers() but it is not immediate. It will do it in the next LateUpdate(). Declaration public void ClearAndInitReflectionRenderersLately() SetReferenceOffsetYAsBoundBottom() Let RefelectionReferenceOffsetY as the bound bottom of reflected renderers. Declaration public void SetReferenceOffsetYAsBoundBottom() UpdateReflectionRenderersMaskInteraction() Make the reflection renderer's maskInteraction up-to-date. Declaration public void UpdateReflectionRenderersMaskInteraction() UpdateReflectionRendererSortingOrder() Make the reflection renderer's sortingLayerID and sortingOrder up-to-date. Declaration public void UpdateReflectionRendererSortingOrder() UpdateReflectionRenderersPosition() Make the reflection renderer's transform up-to-date. It's not only about position, but also rotation and scale. Declaration public void UpdateReflectionRenderersPosition()"
  },
  "api/Psychoflow.SSWaterReflection2D.SSWaterReflectionProvider.html": {
    "href": "api/Psychoflow.SSWaterReflection2D.SSWaterReflectionProvider.html",
    "title": "Class SSWaterReflectionProvider | SS Water Reflection 2D documentation",
    "keywords": "Class SSWaterReflectionProvider The water parameter provider for SSWaterReflectionRenderer and SpriteSelfWaterReflection . Inheritance Object Object Component Behaviour MonoBehaviour SSWaterReflectionProvider Namespace : Psychoflow.SSWaterReflection2D Assembly : Psychoflow.SSWaterReflection2D.dll Syntax [ExecuteAlways] public class SSWaterReflectionProvider : MonoBehaviour Properties DisplacementMode Displacement mode determines the shape of reflection displacement and foam. Declaration public DisplacementModes DisplacementMode { get; set; } Property Value Type Description DisplacementModes DisplacementSecondSpeedOffset The speed offset of second displacement texture. It's an offset value from DisplacementSpeed to make the water look more complicated. For example, DisplacementSpeed = 1f and DisplacementSecondSpeedOffset = 0.5f. The displacement speed of second texture is 1.5f. It's only used when DisplacementMode == Texture and UseSecondDisplacementTexture == true. Declaration public float DisplacementSecondSpeedOffset { get; set; } Property Value Type Description Single DisplacementSecondTexture The second displacement texture. It's only used when DisplacementMode == Texture and UseSecondDisplacementTexture == true. Tip The package includes 9 displacement textures in Textures folder! Declaration public Texture DisplacementSecondTexture { get; set; } Property Value Type Description Texture DisplacementSpeed The speed of displacement moving horizontally. Declaration public float DisplacementSpeed { get; set; } Property Value Type Description Single DisplacementTexture The texture that is only used when DisplacementMode == Texture . Tip The package includes 9 displacement textures in Textures folder! Declaration public Texture DisplacementTexture { get; set; } Property Value Type Description Texture EnablePerspectiveCorrection Perspective correction is used to fake this 2D sprite as 3D plane lying on the XZ-plane and facing Y-axis in perspective view. It would makes the water look different in different camera position. The basic idea is from Kingdom implementation . Declaration public bool EnablePerspectiveCorrection { get; set; } Property Value Type Description Boolean FoamBlendMode The blend mode of foam that blends with reflection and refraction. It works like the layer blend mode in Photoshop. Declaration public FoamBlendMode FoamBlendMode { get; set; } Property Value Type Description FoamBlendMode FoamColor Foam color Declaration public Color FoamColor { get; set; } Property Value Type Description Color FoamEdgeThreshold Edge Threshold is used to simulate the situation that there is more foam closing shore than further. It is the distance from reflection baseline. So higher value results larger range of edge foam. Declaration public float FoamEdgeThreshold { get; set; } Property Value Type Description Single FoamThreshold The threshold determines how much displacement would make foam. Range in [0, 1]. Higher threshold makes less foam. Declaration public float FoamThreshold { get; set; } Property Value Type Description Single PerspectiveCorrectionContrast How much difference of correction strength between the closest(reflection baseline) and the furthest( PerspectiveCorrectionMaxLength ). It can be understood as slope or gradient of perspective correction. Declaration public float PerspectiveCorrectionContrast { get; set; } Property Value Type Description Single PerspectiveCorrectionMaxLength The maximum distance of perspective correction. The further gets same correction strength as the max length gets. Declaration public float PerspectiveCorrectionMaxLength { get; set; } Property Value Type Description Single PerspectiveCorrectionStrength How much the perspective correction is. Higher value gets stronger bevel. The value actually determines the max strength of correction at the max length( PerspectiveCorrectionMaxLength ). Declaration public float PerspectiveCorrectionStrength { get; set; } Property Value Type Description Single PerspectiveReflectionTiltY Tilt is used to fake not only 3D plane lying on XZ-plane but also the plane that does not go to the screen side, which means you are able to see the object inside the water in screen. Therefore, the reflection is not the perfect 1:1 mapping when this value does not equals 1f. Declaration public float PerspectiveReflectionTiltY { get; set; } Property Value Type Description Single ReferenceLocalY The position Y of reflection plane in Local space. It's usually 0 that the reflection plane is just right on this object position. Declaration public float ReferenceLocalY { get; set; } Property Value Type Description Single ReferenceWorldY The position Y of reflection plane in World space. It's a readonly property that resulted by ReferenceLocalY . Declaration public float ReferenceWorldY { get; } Property Value Type Description Single ReflectionDisplacementAmount The amount(strength) of reflection displacement. Higher value makes more distorted result. Declaration public float ReflectionDisplacementAmount { get; set; } Property Value Type Description Single ReflectionFoamWeight The weight of foam in reflection. Weight is a multplier of the foam opacity. Default is 1f which shows 100% foam in reflection. Warning Weight is not the certain value of foam opacity . It's a multiplier of opacity. If the FoamColor .a is 0.5f and reflection weight is 1f, the foam opacity is still 0.5f. Declaration public float ReflectionFoamWeight { get; set; } Property Value Type Description Single ReflectionTint The color tint for reflection. Declaration public Color ReflectionTint { get; set; } Property Value Type Description Color RefractionDisplacementAmount The amount(strength) of refraction displacement. Higher value makes more distorted result. Declaration public float RefractionDisplacementAmount { get; set; } Property Value Type Description Single RefractionFoamWeight The weight of foam in refraction. Weight is a multplier of the foam opacity. Default is 1f which shows 100% foam in refraction. Warning Weight is not the certain value of foam opacity . It's a multiplier of opacity. If the FoamColor .a is 0.5f and refraction weight is 1f, the foam opacity is still 0.5f. Declaration public float RefractionFoamWeight { get; set; } Property Value Type Description Single RefractionTint The color tint for refraction. Declaration public Color RefractionTint { get; set; } Property Value Type Description Color ScreenBoundFadeOut The fading range that reflection is close to screen boundary. (Range in [0, 1]) The higher value, the larger range of fading reflection. 0 means no fading. Declaration public float ScreenBoundFadeOut { get; set; } Property Value Type Description Single UseSecondDisplacementTexture When true, the reflection displacement will be based on not only DisplacementTexture but also DisplacementSecondTexture . And you are able to have second texture with different speed by DisplacementSecondSpeedOffset so that the water will look more complicated. It's only used when DisplacementMode == Texture . Declaration public bool UseSecondDisplacementTexture { get; set; } Property Value Type Description Boolean UseUnscaledTime When true, use the unscaled delta time to simulate the Particle System. Otherwise, use the scaled delta time. This is useful for playing effects whilst the game is paused and timeScale is set to zero. Tip There is a tiny optimization way: You can UNCOMMENT the SSWaterReflectionProvider.cs:Line 1 to define the DONT_NEED_TO_UPDATE_UNSCALED_TIME macro if you don't need unscaled time feature or you already or you already assign _UnscaledTime by yourself. Declaration public bool UseUnscaledTime { get; set; } Property Value Type Description Boolean UseVoronoiNoiseDisplacement Is current displacement mode Voronoi ? Declaration public bool UseVoronoiNoiseDisplacement { get; } Property Value Type Description Boolean VoronoiAngleOffset Offset value for points Declaration public float VoronoiAngleOffset { get; set; } Property Value Type Description Single VoronoiAngleSpeed The speed of changing voronoi angle. Declaration public float VoronoiAngleSpeed { get; set; } Property Value Type Description Single VoronoiCellDensity Density of cells generated. Declaration public float VoronoiCellDensity { get; set; } Property Value Type Description Single VoronoiPowerValue Power value is a factor of mathamatic power function in computing voronoi noise. It affects the fading level of vornoi cell. It can be understood as the inner size of cell. The higher value, more area of 0% strength. The lower value, more area of 100% strength. Declaration public float VoronoiPowerValue { get; set; } Property Value Type Description Single WaterScale The scale of water reflection. It affects displacement and foam size. Declaration public float WaterScale { get; set; } Property Value Type Description Single"
  },
  "api/Psychoflow.SSWaterReflection2D.SSWaterReflectionRenderer.html": {
    "href": "api/Psychoflow.SSWaterReflection2D.SSWaterReflectionRenderer.html",
    "title": "Class SSWaterReflectionRenderer | SS Water Reflection 2D documentation",
    "keywords": "Class SSWaterReflectionRenderer Screen Space Reflection(SSR) is a way to reflect things based on screen texture which is much more efficient than the way by another reflection camera. It's very useful in 2D Platformer game like Kingdom. And it can be used on both orthographic and perspective view. Inheritance Object Object Component Behaviour MonoBehaviour SSWaterReflectionRenderer Namespace : Psychoflow.SSWaterReflection2D Assembly : Psychoflow.SSWaterReflection2D.dll Syntax [ExecuteAlways] [RequireComponent(typeof(SpriteRenderer))] public class SSWaterReflectionRenderer : MonoBehaviour Properties EnableSSReflection Enable screen space reflection or not. If it's off, it'll only show the foam of water, which is useful when you only want SpriteSelf reflection and still can see foam. Declaration public bool EnableSSReflection { get; set; } Property Value Type Description Boolean ReflectionProvider The reflection provider that provides the reflection parameters. Declaration public SSWaterReflectionProvider ReflectionProvider { get; set; } Property Value Type Description SSWaterReflectionProvider Methods UpdateRendererMaterial() Update the material of sprite renderer. Declaration public void UpdateRendererMaterial()"
  },
  "api/Psychoflow.Util.HashCode.html": {
    "href": "api/Psychoflow.Util.HashCode.html",
    "title": "Class HashCode | SS Water Reflection 2D documentation",
    "keywords": "Class HashCode The interface follows System.HashCode in .Net 5 HashCode.Combine Method: https://docs.microsoft.com/zh-tw/dotnet/api/system.hashcode.combine?view=net-5.0 The implementation is based on the answer of stackoverflow: https://stackoverflow.com/questions/263400/what-is-the-best-algorithm-for-overriding-gethashcode/263416#263416 Inheritance Object HashCode Namespace : Psychoflow.Util Assembly : Psychoflow.SSWaterReflection2D.Util.dll Syntax public static class HashCode Methods Combine<T1, T2>(T1, T2) Declaration public static int Combine<T1, T2>(T1 value1, T2 value2) Parameters Type Name Description T1 value1 T2 value2 Returns Type Description Int32 Type Parameters Name Description T1 T2 Combine<T1, T2, T3>(T1, T2, T3) Declaration public static int Combine<T1, T2, T3>(T1 value1, T2 value2, T3 value3) Parameters Type Name Description T1 value1 T2 value2 T3 value3 Returns Type Description Int32 Type Parameters Name Description T1 T2 T3 Combine<T1, T2, T3, T4>(T1, T2, T3, T4) Declaration public static int Combine<T1, T2, T3, T4>(T1 value1, T2 value2, T3 value3, T4 value4) Parameters Type Name Description T1 value1 T2 value2 T3 value3 T4 value4 Returns Type Description Int32 Type Parameters Name Description T1 T2 T3 T4 Combine<T1, T2, T3, T4, T5>(T1, T2, T3, T4, T5) Declaration public static int Combine<T1, T2, T3, T4, T5>(T1 value1, T2 value2, T3 value3, T4 value4, T5 value5) Parameters Type Name Description T1 value1 T2 value2 T3 value3 T4 value4 T5 value5 Returns Type Description Int32 Type Parameters Name Description T1 T2 T3 T4 T5 Combine<T1, T2, T3, T4, T5, T6>(T1, T2, T3, T4, T5, T6) Declaration public static int Combine<T1, T2, T3, T4, T5, T6>(T1 value1, T2 value2, T3 value3, T4 value4, T5 value5, T6 value6) Parameters Type Name Description T1 value1 T2 value2 T3 value3 T4 value4 T5 value5 T6 value6 Returns Type Description Int32 Type Parameters Name Description T1 T2 T3 T4 T5 T6 Combine<T1, T2, T3, T4, T5, T6, T7>(T1, T2, T3, T4, T5, T6, T7) Declaration public static int Combine<T1, T2, T3, T4, T5, T6, T7>(T1 value1, T2 value2, T3 value3, T4 value4, T5 value5, T6 value6, T7 value7) Parameters Type Name Description T1 value1 T2 value2 T3 value3 T4 value4 T5 value5 T6 value6 T7 value7 Returns Type Description Int32 Type Parameters Name Description T1 T2 T3 T4 T5 T6 T7 Combine<T1, T2, T3, T4, T5, T6, T7, T8>(T1, T2, T3, T4, T5, T6, T7, T8) Declaration public static int Combine<T1, T2, T3, T4, T5, T6, T7, T8>(T1 value1, T2 value2, T3 value3, T4 value4, T5 value5, T6 value6, T7 value7, T8 value8) Parameters Type Name Description T1 value1 T2 value2 T3 value3 T4 value4 T5 value5 T6 value6 T7 value7 T8 value8 Returns Type Description Int32 Type Parameters Name Description T1 T2 T3 T4 T5 T6 T7 T8"
  },
  "api/Psychoflow.Util.html": {
    "href": "api/Psychoflow.Util.html",
    "title": "Namespace Psychoflow.Util | SS Water Reflection 2D documentation",
    "keywords": "Namespace Psychoflow.Util Classes HashCode The interface follows System.HashCode in .Net 5 HashCode.Combine Method: https://docs.microsoft.com/zh-tw/dotnet/api/system.hashcode.combine?view=net-5.0 The implementation is based on the answer of stackoverflow: https://stackoverflow.com/questions/263400/what-is-the-best-algorithm-for-overriding-gethashcode/263416#263416 LogRangeAttribute LogRange attribute makes float slider that value is on the log(x) curve in inspector. It is be useful for the scale type value since 0.1x and 10x are the same distance from 1x. MaterialExtensions SharedResources<TKey, TValue> SortingLayerIntPropertyAttribute The attribute for drawing sorting layer in inspector with int property. Vector2Extensions"
  },
  "api/Psychoflow.Util.LogRangeAttribute.html": {
    "href": "api/Psychoflow.Util.LogRangeAttribute.html",
    "title": "Class LogRangeAttribute | SS Water Reflection 2D documentation",
    "keywords": "Class LogRangeAttribute LogRange attribute makes float slider that value is on the log(x) curve in inspector. It is be useful for the scale type value since 0.1x and 10x are the same distance from 1x. Inheritance Object Attribute PropertyAttribute LogRangeAttribute Namespace : Psychoflow.Util Assembly : Psychoflow.SSWaterReflection2D.Util.dll Syntax [AttributeUsage(AttributeTargets.Field)] public class LogRangeAttribute : PropertyAttribute Constructors LogRangeAttribute(Single, Single, Single) Declaration public LogRangeAttribute(float min, float max, float power) Parameters Type Name Description Single min Single max Single power Fields max Declaration public readonly float max Field Value Type Description Single min Declaration public readonly float min Field Value Type Description Single power Declaration public readonly float power Field Value Type Description Single"
  },
  "api/Psychoflow.Util.MaterialExtensions.html": {
    "href": "api/Psychoflow.Util.MaterialExtensions.html",
    "title": "Class MaterialExtensions | SS Water Reflection 2D documentation",
    "keywords": "Class MaterialExtensions Inheritance Object MaterialExtensions Namespace : Psychoflow.Util Assembly : Psychoflow.SSWaterReflection2D.Util.dll Syntax public static class MaterialExtensions Methods SetBooleanParameter(Material, Int32, String, Boolean) Declaration public static void SetBooleanParameter(this Material mat, int shaderPropertyID, string shaderKeyword, bool value) Parameters Type Name Description Material mat Int32 shaderPropertyID String shaderKeyword Boolean value SetEnumKeyword(Material, Int32, String[], Int32) Declaration public static void SetEnumKeyword(this Material mat, int shaderPropertyID, string[] keywords, int value) Parameters Type Name Description Material mat Int32 shaderPropertyID String [] keywords Int32 value"
  },
  "api/Psychoflow.Util.SharedResources-2.html": {
    "href": "api/Psychoflow.Util.SharedResources-2.html",
    "title": "Class SharedResources<TKey, TValue> | SS Water Reflection 2D documentation",
    "keywords": "Class SharedResources<TKey, TValue> Inheritance Object SharedResources<TKey, TValue> Namespace : Psychoflow.Util Assembly : Psychoflow.SSWaterReflection2D.Util.dll Syntax public abstract class SharedResources<TKey, TValue> Type Parameters Name Description TKey TValue Constructors SharedResources() Declaration public SharedResources() SharedResources(TKey[]) Initialize the shared resouces with the specific keys. Declaration public SharedResources(params TKey[] warmStartingKeys) Parameters Type Name Description TKey[] warmStartingKeys Fields m_Dictionary Declaration protected Dictionary<TKey, TValue> m_Dictionary Field Value Type Description Dictionary <TKey, TValue> Methods ClearAllInstances() Remove all instances in the resources. Declaration public void ClearAllInstances() CreateInstance(TKey) Create a new instnace as lazying loading. Declaration protected abstract TValue CreateInstance(TKey keyValue) Parameters Type Name Description TKey keyValue Returns Type Description TValue Get(TKey) Get the shared resource by the key. Declaration public virtual TValue Get(TKey keyValue) Parameters Type Name Description TKey keyValue Returns Type Description TValue"
  },
  "api/Psychoflow.Util.SortingLayerIntPropertyAttribute.html": {
    "href": "api/Psychoflow.Util.SortingLayerIntPropertyAttribute.html",
    "title": "Class SortingLayerIntPropertyAttribute | SS Water Reflection 2D documentation",
    "keywords": "Class SortingLayerIntPropertyAttribute The attribute for drawing sorting layer in inspector with int property. Inheritance Object Attribute PropertyAttribute SortingLayerIntPropertyAttribute Namespace : Psychoflow.Util Assembly : Psychoflow.SSWaterReflection2D.Util.dll Syntax [AttributeUsage(AttributeTargets.Field)] public class SortingLayerIntPropertyAttribute : PropertyAttribute"
  },
  "api/Psychoflow.Util.Vector2Extensions.html": {
    "href": "api/Psychoflow.Util.Vector2Extensions.html",
    "title": "Class Vector2Extensions | SS Water Reflection 2D documentation",
    "keywords": "Class Vector2Extensions Inheritance Object Vector2Extensions Namespace : Psychoflow.Util Assembly : Psychoflow.SSWaterReflection2D.Util.dll Syntax public static class Vector2Extensions Methods GetScale(Vector2, in Vector2) Get the multiple of two vectors component-wise. Declaration public static Vector2 GetScale(this Vector2 v, in Vector2 scalar) Parameters Type Name Description Vector2 v Vector2 scalar Scale Returns Type Description Vector2 The multiple of two vector2 component-wise. Rotate(Vector2, Single) Rotate a vector2 by counter-clockwise. Declaration public static Vector2 Rotate(this Vector2 v, float degrees) Parameters Type Name Description Vector2 v Single degrees Returns Type Description Vector2"
  },
  "index.html": {
    "href": "index.html",
    "title": "SS Water Reflection 2D overview | SS Water Reflection 2D documentation",
    "keywords": "SS Water Reflection 2D overview 🙂👉 Available on Asset Store 👈🙃 SS Water Reflection 2D (SSWR 2D) is a simple tool to implement water reflection for 2D games. \" SS \" stands for Screen Space and Sprite Self reflection. They are 2 different implementations of water reflection for various situations. Screen Space Reflection(SSR) is a way to reflect things based on screen texture which is much more efficient than the way by another reflection camera. It's very useful in 2D Platformer game like Kingdom. And it can be used on both orthographic and perspective view. Sprite Self Reflection is a way to reflect the sprite renderer itself vertically. It's quite useful for Top-down games and RpgMaker-like games. Powerful Combo : Using both ScreenSpace and SpriteSelf water reflection can make a perspecitve water reflection that reflects not only background+gameplay objects(by ScreenSpace) but also foreground objects(by SpriteSelf) in a 2D game, which is more powerful than any other commercial 2d water reflection assets. Requirements Currently it's only compatible with Built-in Rendering Pipeline since it's implemented by GrabPass . Warning We're planning to make it support URP and HDRP. But it'll be a quite different implementation with Bulit-in RP, and it'll have feature restriction since there's no perfect alternative way of GrabPass in any Scriptable RP for the moment. Getting started with SSWaterReflection2D For information on starting using SSWR2D in your project, see Getting started ."
  },
  "manual/getting-started.html": {
    "href": "manual/getting-started.html",
    "title": "Getting Started with SSWR2D | SS Water Reflection 2D documentation",
    "keywords": "Getting Started with SSWR2D Quick Start To use the SS Water Reflection 2D(SSWR2D), you can do in this following steps: Download and import package into your project:) Drag the prefab at Psychoflow/SSWaterReflection2D/Prefabs/SSWaterReflectionProvider into the scene. Note Provider determines where the reflection plane is and what reflection looks like Next you have 2 choices of reflection, ScreenSpace and SpriteSelf . 1. Screen Space Reflection Create 2D Object/Sprite in the scene, and assign a sprite that forms the shape of water region that reflects thing. Note There's a sprite named Sprite-Blank in package which is basically a 1 unit rect and it's suitable for water reflection in general Add component SSWaterReflectionRenderer into the gameObject. Set the ReflectionProvider field as the instance you just dragged in scene. Note Actually, you don't need to set the field by yourself. It'll set the closest provider in the scene automatically when you add it. Enjoy the scrren space reflection! More details in the topic Screen Space Reflection . 2. Sprite Self Reflection Select the sprite object in scene that you want to reflect itself. Add component SpriteSelfWaterReflection into the gameObject. Set the ReflectionProvider field as the instance you just dragged in scene. Note Actually, you don't need to set the field by yourself. It'll set the closest provider in the scene automatically when you add it. Enjoy the sprite self reflection! More details in the topic SpriteSelfReflection . To know the further knowledge of SSWR2D, you can check out the following topics: Tutorial series on Youtube See Sample Scenes and find what type of application is you need. API Documentation"
  },
  "manual/index.html": {
    "href": "manual/index.html",
    "title": "SS Water Reflection 2D overview | SS Water Reflection 2D documentation",
    "keywords": "SS Water Reflection 2D overview 🙂👉 Available on Asset Store 👈🙃 SS Water Reflection 2D (SSWR 2D) is a simple tool to implement water reflection for 2D games. \" SS \" stands for Screen Space and Sprite Self reflection. They are 2 different implementations of water reflection for various situations. Screen Space Reflection(SSR) is a way to reflect things based on screen texture which is much more efficient than the way by another reflection camera. It's very useful in 2D Platformer game like Kingdom. And it can be used on both orthographic and perspective view. Sprite Self Reflection is a way to reflect the sprite renderer itself vertically. It's quite useful for Top-down games and RpgMaker-like games. Powerful Combo : Using both ScreenSpace and SpriteSelf water reflection can make a perspecitve water reflection that reflects not only background+gameplay objects(by ScreenSpace) but also foreground objects(by SpriteSelf) in a 2D game, which is more powerful than any other commercial 2d water reflection assets. Requirements Currently it's only compatible with Built-in Rendering Pipeline since it's implemented by GrabPass . Warning We're planning to make it support URP and HDRP. But it'll be a quite different implementation with Bulit-in RP, and it'll have feature restriction since there's no perfect alternative way of GrabPass in any Scriptable RP for the moment. Getting started with SSWaterReflection2D For information on starting using SSWR2D in your project, see Getting started ."
  },
  "manual/sample-scenes.html": {
    "href": "manual/sample-scenes.html",
    "title": "Sample Scenes | SS Water Reflection 2D documentation",
    "keywords": "Sample Scenes There are a couple of sample scenes in the package that show the possibilities with SSWR2D. Style Demo It's a overall demonstration for the visual styles of water. (Youtube) SS Water Reflection 2D - Screen Space & Sprite Self Reflection Orthographic 2D It's a sample for orthographic 2d platformer game. It also contains the \"Refraction\" feature to hide underwater level. (Youtube) SS WaterReflection 2D Sample#1: Basic 2D side scrolling game Perspective 2D It's a sample for perspective 2d platformer game which supports parallax scrolling natively. It also contains the \"Sprite Self Reflection\" feature to reflect foreground objects. (Youtube) SS WaterReflection 2D Sample#2: Perspective 2D side scrolling game Top-down RPG It's a sample for Top-down view or RpgMaker-like games. It's also a good example for \"Sprite Self Reflection\" and how to write C# script with it. (Youtube) SS WaterReflection 2D Sample#3: Top-down RPG Fake 3D It's a sample for faking the 3D water plane with SSWR2D."
  },
  "manual/screen-space-reflection.html": {
    "href": "manual/screen-space-reflection.html",
    "title": "Screen Space Reflection(SSR) | SS Water Reflection 2D documentation",
    "keywords": "Screen Space Reflection(SSR) Summary Screen Space Reflection(SSR) is a way to reflect things based on screen texture which is much more efficient than the way by another reflection camera. It's very useful in 2D Platformer game like Kingdom. And it can be used on both orthographic and perspective view. Getting Started Create 2D Object/Sprite in the scene, and assign a sprite that forms the shape of water region that reflects thing. Note There's a sprite named Sprite-Blank in package which is basically a 1 unit rect and it's suitable for water reflection in general Add component SSWaterReflectionRenderer into the gameObject. Set the ReflectionProvider field as the instance you just dragged in scene. Note Actually, you don't need to set the field by yourself. It'll set the closest provider in the scene automatically when you add it. Enjoy the scrren space reflection! Advanced We STRONGLY suggest you to watch the sample Perspective 2D to understand how does it work. Use cases Orthographic 2D Perspective 2D Style Demo Fake 3D Top-down RPG API Documentation Psychoflow.SSWaterReflection2D.SSWaterReflectionRenderer Psychoflow.SSWaterReflection2D.SSWaterReflectionProvider Troubleshooting"
  },
  "manual/sprite-self-reflection.html": {
    "href": "manual/sprite-self-reflection.html",
    "title": "Sprite Self Reflection | SS Water Reflection 2D documentation",
    "keywords": "Sprite Self Reflection Summary Sprite Self Reflection is a way to reflect the sprite renderer itself vertically. It's quite useful for Top-down games and RpgMaker-like games. Getting Started Select the sprite object in scene that you want to reflect itself. Add component SpriteSelfWaterReflection into the gameObject. Set the ReflectionProvider field as the instance you just dragged in scene. Note Actually, you don't need to set the field by yourself. It'll set the closest provider in the scene automatically when you add it. Enjoy the sprite self reflection! Advanced We STRONGLY suggest you to watch the sample Perspective 2D and Top-down RPG to understand how does it work. Use cases Perspective 2D Top-down RPG API Documentation Psychoflow.SSWaterReflection2D.SpriteSelfWaterReflection Psychoflow.SSWaterReflection2D.SSWaterReflectionProvider Troubleshooting"
  },
  "manual/troubleshooting.html": {
    "href": "manual/troubleshooting.html",
    "title": "Troubleshooting | SS Water Reflection 2D documentation",
    "keywords": "Troubleshooting Note If there's no solution for your issue, feel free to 👉 Contact Us General Why my reflection is just pink as shader broken? You haven't assign the field Reflection Provider or the provider get destroyed. Screen Space Reflection Why my OOXX is NOT reflected by SSWaterReflectionRenderer? There are some possible solutions: You should make sure if the object you wanna reflect is drawn before the SSWaterReflection's SpriteRenderer . It's important that screen space renderer must draw after the reflected thing has drawn. If it's not, reflection renderer won't have enough imformation on screen texture to draw. Warning There are many factors that affects the order of rendering. Such as SortingLayer , OrderInLayer , Distance to Camera (Depth) , RenderQueue , SortingGroup , etc. (See 2D Sorting Topic ) The most efficient way to realize the order is FrameDebugger . Check where the Reflection Provider of the renderer is. Check if EnableSSReflection is on. Sprite Self Reflection Why my reflection doesn't update when I change the sprite. Press Refresh button. Why my reflection doesn't work with Sprite Animation Check on PropertyCheckingFlag.SpriteRenderer_OtherProperties in SpriteSelfReflection ."
  }
}